variable,values,rank
annual_temperature_c_change,1.35 (0.07),3
arable_land_percent,8.12 (9),6
aridity_index,0.77 (0.06),1
daerah_irigasi_ha,39.76 (145.58),5
deforestation_area_ha,358 (543.32),6
distance_daerah_irigasi,12168.85 (10402.91),6
distance_to_burned_area,10204.08 (5797.72),5
distance_to_coast_line,6819.21 (7824.04),4
distance_to_deforestation,3129.91 (2303.01),1
distance_to_forest,1533.24 (893.17),2
distance_to_irigation,97109.61 (89273.85),2
distance_to_lake,5151.54 (4160.95),6
distance_to_plantation,37755.45 (33542.99),3
distance_to_plantation_concession,89159.74 (76673.88),4
distance_to_port,49678.86 (40174.84),5
distance_to_river,4665.26 (4888.75),4
distance_to_road,1290.34 (3277.94),2
distance_to_social_forestry_concession,18227.29 (11566.02),3
distance_to_water_body,5575.94 (6357.01),4
elevasi,232.8 (194.8),5
embung,2.65 (5.22),5
erosion_risk,447.46 (483.27),6
idm_2021,0.22 (0.3),6
indeks_bahaya_banjir,0.09 (0.05),2
indeks_bahaya_kekeringan,0.72 (0.13),2
indeks_bahaya_longsor,0.11 (0.13),5
jumlah_sistem_peringatan_dini_bencana_alam,15.41 (6.33),5
kejadian_banjir_2018_2019,2.35 (5.62),4
kejadian_banjir_bandang_2018_2019,0.06 (0.24),4
kejadian_kebakaran_hutan_dan_lahan_2018_2019,0.53 (1.46),2
kejadian_kekeringan_lahan_2018_2019,0.29 (0.59),6
kejadian_tanah_longsor_2018_2019,3.24 (3.8),2
korban_banjir_2018_2019,0 (0),5
korban_banjir_bandang_2018_2019,0 (0),1
korban_kebakaran_hutan_dan_lahan_2018_2019,0 (0),1
korban_kekeringan_lahan_2018_2019,0 (0),3
korban_tanah_longsor_2018_2019,0 (0),5
luas_ha,4258.88 (5412.64),6
mean_precipitation,1315.93 (174.79),5
mean_temperature,25.51 (1.27),2
minimarket,7.94 (6.66),1
ndmi_2020,0.1 (0.09),5
ndvi_2020,0.53 (0.13),6
ndwi_2020,-0.54 (0.09),1
pasar_desa,0.06 (0.24),6
penderita_gizi_buruk_2018,5.18 (6.29),6
percent_protected_area_ha,5.55 (12.7),6
percentage_of_agricultural_small_holder,8.12 (9),6
percentage_of_forested_area,6.5 (12.18),6
percentage_of_plantation,0.01 (0.05),5
percentage_of_savanna,10.97 (20.38),4
percentage_of_shrubland,0.93 (1.79),6
percentage_of_water_area,0.14 (0.24),5
pop_dens,5.89 (6.08),1
poverty_ratio,21.64 (8.48),6
precipitation_change,-19.64 (11.8),1
protected_area_ha,227.59 (503.83),6
rasio_elektrifikasi,97.6 (3.64),1
ratio_kec_to_island,0 (0.01),5
ratio_rt_apl,6.08 (5.98),1
slope,5.32 (3.02),5
tnp2k_indv,9576.06 (5667.79),3
tnp2k_rt,2048 (1242.11),3
total_faskes1,7 (3.92),2
total_kk,9622.29 (4785.54),1
total_pasar,2.18 (1.67),3
total_pt,3.24 (4.42),1
total_rs,1.88 (1.8),1
total_sekolah_tinggi,9.71 (5.19),1
wetmonths_mean,2.79 (1.18),5
within_airport_coverage,7.85 (9.21),1
